Date,User,Product,Link,City,Title
22 ديسمبر 2023 | 08:46 مساءً,ma-0109*******,236d35323033,https://marketlii.com/dashboard/product/236d35323033,الدقهلية,هودي سبايدر مان
22 ديسمبر 2023 | 06:25 مساءً,ma-0109*******,236d35303534,https://marketlii.com/dashboard/product/236d35303534,كفر الشيخ,تيشرت تريكو بلياقه
22 ديسمبر 2023 | 08:55 مساءً,ma-0109*******,236d35313532,https://marketlii.com/dashboard/product/236d35313532,كفر الشيخ,زيت مغزيات تيل الأصلي
22 ديسمبر 2023 | 08:20 مساءً,ma-0109*******,236d35323137,https://marketlii.com/dashboard/product/236d35323137,الاسكندرية,سويت شيرت القلب المضيئ
22 ديسمبر 2023 | 08:11 مساءً,ma-0109*******,236d35323137,https://marketlii.com/dashboard/product/236d35323137,الشرقية,سويت شيرت القلب المضيئ
22 ديسمبر 2023 | 09:14 مساءً,ma-0109*******,236d35323137,https://marketlii.com/dashboard/product/236d35323137,الدقهلية,سويت شيرت القلب المضيئ
22 ديسمبر 2023 | 07:05 مساءً,ma-0109*******,236d35313937,https://marketlii.com/dashboard/product/236d35313937,القاهرة,ترينج Y 3
22 ديسمبر 2023 | 08:56 مساءً,ma-0109*******,236d35313937,https://marketlii.com/dashboard/product/236d35313937,الاسكندرية,ترينج Y 3
22 ديسمبر 2023 | 06:53 مساءً,ma-0109*******,236d34313939,https://marketlii.com/dashboard/product/236d34313939,الشرقية,بنطلون باجي كارجو
22 ديسمبر 2023 | 09:09 مساءً,ma-0109*******,236d35313339,https://marketlii.com/dashboard/product/236d35313339,قنا,قميص جوخ تركي مستورد
22 ديسمبر 2023 | 06:52 مساءً,ma-0109*******,236d35323134,https://marketlii.com/dashboard/product/236d35323134,الشرقية,ترنج media ميلتون
22 ديسمبر 2023 | 08:00 مساءً,ma-0109*******,236d35323134,https://marketlii.com/dashboard/product/236d35323134,الدقهلية,ترنج media ميلتون
22 ديسمبر 2023 | 07:59 مساءً,ma-0109*******,236d35323134,https://marketlii.com/dashboard/product/236d35323134,القاهرة,ترنج media ميلتون
22 ديسمبر 2023 | 07:58 مساءً,ma-0109*******,236d35323134,https://marketlii.com/dashboard/product/236d35323134,البحر الاحمر,ترنج media ميلتون
22 ديسمبر 2023 | 09:21 مساءً,ma-0109*******,236d35323134,https://marketlii.com/dashboard/product/236d35323134,الاسماعلية,ترنج media ميلتون
22 ديسمبر 2023 | 09:17 مساءً,ma-0109*******,236d35323134,https://marketlii.com/dashboard/product/236d35323134,الاسكندرية,ترنج media ميلتون
22 ديسمبر 2023 | 09:16 مساءً,ma-0109*******,236d35323134,https://marketlii.com/dashboard/product/236d35323134,القاهرة,ترنج media ميلتون
22 ديسمبر 2023 | 09:15 مساءً,ma-0109*******,236d35323134,https://marketlii.com/dashboard/product/236d35323134,القاهرة,ترنج media ميلتون
22 ديسمبر 2023 | 09:13 مساءً,ma-0109*******,236d35323134,https://marketlii.com/dashboard/product/236d35323134,مطروح,ترنج media ميلتون
22 ديسمبر 2023 | 09:12 مساءً,ma-0109*******,236d35323134,https://marketlii.com/dashboard/product/236d35323134,المنوفية,ترنج media ميلتون
22 ديسمبر 2023 | 09:11 مساءً,ma-0109*******,236d35323134,https://marketlii.com/dashboard/product/236d35323134,سوهاج,ترنج media ميلتون
22 ديسمبر 2023 | 06:37 مساءً,ma-0109*******,236d35313034,https://marketlii.com/dashboard/product/236d35313034,القاهرة,جاكيت جلد هارلي
22 ديسمبر 2023 | 06:36 مساءً,ma-0109*******,236d35313034,https://marketlii.com/dashboard/product/236d35313034,المنوفية,جاكيت جلد هارلي
22 ديسمبر 2023 | 06:32 مساءً,ma-0109*******,236d35303730,https://marketlii.com/dashboard/product/236d35303730,المنيا,ترنج خط
22 ديسمبر 2023 | 09:04 مساءً,ma-0109*******,236d34383833,https://marketlii.com/dashboard/product/236d34383833,الاسكندرية,كريم كنداكات أفريقيا الأصلي
22 ديسمبر 2023 | 09:02 مساءً,ma-0109*******,236d34383833,https://marketlii.com/dashboard/product/236d34383833,البحر الاحمر,كريم كنداكات أفريقيا الأصلي
22 ديسمبر 2023 | 08:58 مساءً,ma-0109*******,236d34383833,https://marketlii.com/dashboard/product/236d34383833,سوهاج,كريم كنداكات أفريقيا الأصلي
22 ديسمبر 2023 | 08:12 مساءً,ma-0109*******,236d35323132,https://marketlii.com/dashboard/product/236d35323132,القاهرة,ترنج الدبدوب ميلتون
22 ديسمبر 2023 | 08:10 مساءً,ma-0109*******,236d35323132,https://marketlii.com/dashboard/product/236d35323132,الجيزة,ترنج الدبدوب ميلتون
22 ديسمبر 2023 | 08:01 مساءً,ma-0109*******,236d35323132,https://marketlii.com/dashboard/product/236d35323132,الغربية,ترنج الدبدوب ميلتون
22 ديسمبر 2023 | 08:00 مساءً,ma-0109*******,236d35323132,https://marketlii.com/dashboard/product/236d35323132,الدقهلية,ترنج الدبدوب ميلتون
22 ديسمبر 2023 | 09:18 مساءً,ma-0109*******,236d35323132,https://marketlii.com/dashboard/product/236d35323132,القاهرة,ترنج الدبدوب ميلتون
22 ديسمبر 2023 | 09:14 مساءً,ma-0109*******,236d35323132,https://marketlii.com/dashboard/product/236d35323132,المنيا,ترنج الدبدوب ميلتون
22 ديسمبر 2023 | 09:10 مساءً,ma-0109*******,236d35323132,https://marketlii.com/dashboard/product/236d35323132,القاهرة,ترنج الدبدوب ميلتون
22 ديسمبر 2023 | 09:09 مساءً,ma-0109*******,236d35323132,https://marketlii.com/dashboard/product/236d35323132,دمياط,ترنج الدبدوب ميلتون
22 ديسمبر 2023 | 07:59 مساءً,ma-0109*******,236d35303838,https://marketlii.com/dashboard/product/236d35303838,القاهرة,بيجامة أطفالي فرو
22 ديسمبر 2023 | 08:47 مساءً,ma-0109*******,236d35303837,https://marketlii.com/dashboard/product/236d35303837,اسيوط,سلوبته أطفالي فرو
22 ديسمبر 2023 | 08:42 مساءً,ma-0109*******,236d34313939,https://marketlii.com/dashboard/product/236d34313939,القليوبية,بنطلون باجي كارجو
22 ديسمبر 2023 | 10:23 مساءً,ma-0109*******,236d35313937,https://marketlii.com/dashboard/product/236d35313937,الجيزة,ترينج Y 3
22 ديسمبر 2023 | 10:01 مساءً,ma-0109*******,236d34313939,https://marketlii.com/dashboard/product/236d34313939,دمياط,بنطلون باجي كارجو
22 ديسمبر 2023 | 09:52 مساءً,ma-0109*******,236d35313034,https://marketlii.com/dashboard/product/236d35313034,دمياط,جاكيت جلد هارلي
22 ديسمبر 2023 | 09:28 مساءً,ma-0109*******,236d35303534,https://marketlii.com/dashboard/product/236d35303534,القاهرة,تيشرت تريكو بلياقه
22 ديسمبر 2023 | 11:26 مساءً,ma-0109*******,236d35313339,https://marketlii.com/dashboard/product/236d35313339,الدقهلية,قميص جوخ تركي مستورد
22 ديسمبر 2023 | 11:20 مساءً,ma-0109*******,236d35303832,https://marketlii.com/dashboard/product/236d35303832,القاهرة,سويتشرت السهم
22 ديسمبر 2023 | 11:18 مساءً,ma-0109*******,236d35303639,https://marketlii.com/dashboard/product/236d35303639,دمياط,ترنج CHINA
22 ديسمبر 2023 | 11:17 مساءً,ma-0109*******,236d34393835,https://marketlii.com/dashboard/product/236d34393835,الشرقية,جاكت جوتشي
22 ديسمبر 2023 | 10:47 مساءً,ma-0109*******,236d35323137,https://marketlii.com/dashboard/product/236d35323137,الشرقية,سويت شيرت القلب المضيئ
22 ديسمبر 2023 | 10:29 مساءً,ma-0109*******,236d35323137,https://marketlii.com/dashboard/product/236d35323137,سوهاج,سويت شيرت القلب المضيئ
22 ديسمبر 2023 | 10:26 مساءً,ma-0109*******,236d35323137,https://marketlii.com/dashboard/product/236d35323137,اسوان,سويت شيرت القلب المضيئ
22 ديسمبر 2023 | 10:26 مساءً,ma-0109*******,236d34393438,https://marketlii.com/dashboard/product/236d34393438,القاهرة,هودى نصفين
23 ديسمبر 2023 | 12:21 صباحاً,ma-0109*******,236d35303639,https://marketlii.com/dashboard/product/236d35303639,كفر الشيخ,ترنج CHINA
23 ديسمبر 2023 | 12:09 صباحاً,ma-0109*******,236d35313034,https://marketlii.com/dashboard/product/236d35313034,الشرقية,جاكيت جلد هارلي
23 ديسمبر 2023 | 12:08 صباحاً,ma-0109*******,236d35313937,https://marketlii.com/dashboard/product/236d35313937,الدقهلية,ترينج Y 3
23 ديسمبر 2023 | 12:08 صباحاً,ma-0109*******,236d34313939,https://marketlii.com/dashboard/product/236d34313939,الشرقية,بنطلون باجي كارجو
23 ديسمبر 2023 | 12:06 صباحاً,ma-0109*******,236d35313937,https://marketlii.com/dashboard/product/236d35313937,القاهرة,ترينج Y 3
23 ديسمبر 2023 | 12:02 صباحاً,ma-0109*******,236d35313937,https://marketlii.com/dashboard/product/236d35313937,مطروح,ترينج Y 3
23 ديسمبر 2023 | 12:00 صباحاً,ma-0109*******,236d35313937,https://marketlii.com/dashboard/product/236d35313937,القاهرة,ترينج Y 3
22 ديسمبر 2023 | 11:58 مساءً,ma-0109*******,236d35313937,https://marketlii.com/dashboard/product/236d35313937,القاهرة,ترينج Y 3
22 ديسمبر 2023 | 11:56 مساءً,ma-0109*******,236d35313937,https://marketlii.com/dashboard/product/236d35313937,القاهرة,ترينج Y 3
22 ديسمبر 2023 | 11:51 مساءً,ma-0109*******,236d35313937,https://marketlii.com/dashboard/product/236d35313937,دمياط,ترينج Y 3
22 ديسمبر 2023 | 11:31 مساءً,ma-0109*******,236d35313339,https://marketlii.com/dashboard/product/236d35313339,الغربية,قميص جوخ تركي مستورد
23 ديسمبر 2023 | 01:26 صباحاً,ma-0109*******,236d35313937,https://marketlii.com/dashboard/product/236d35313937,دمياط,ترينج Y 3
23 ديسمبر 2023 | 01:20 صباحاً,ma-0109*******,236d35313937,https://marketlii.com/dashboard/product/236d35313937,الفيوم,ترينج Y 3
23 ديسمبر 2023 | 01:17 صباحاً,ma-0109*******,236d35313937,https://marketlii.com/dashboard/product/236d35313937,القاهرة,ترينج Y 3
23 ديسمبر 2023 | 01:14 صباحاً,ma-0109*******,236d35313937,https://marketlii.com/dashboard/product/236d35313937,السويس,ترينج Y 3
23 ديسمبر 2023 | 01:12 صباحاً,ma-0109*******,236d35313937,https://marketlii.com/dashboard/product/236d35313937,الجيزة,ترينج Y 3
23 ديسمبر 2023 | 01:10 صباحاً,ma-0109*******,236d35313937,https://marketlii.com/dashboard/product/236d35313937,البحيرة,ترينج Y 3
23 ديسمبر 2023 | 01:08 صباحاً,ma-0109*******,236d35313937,https://marketlii.com/dashboard/product/236d35313937,مطروح,ترينج Y 3
23 ديسمبر 2023 | 01:04 صباحاً,ma-0109*******,236d35313937,https://marketlii.com/dashboard/product/236d35313937,اسيوط,ترينج Y 3
23 ديسمبر 2023 | 01:01 صباحاً,ma-0109*******,236d35313937,https://marketlii.com/dashboard/product/236d35313937,بني سويف,ترينج Y 3
23 ديسمبر 2023 | 12:58 صباحاً,ma-0109*******,236d35323137,https://marketlii.com/dashboard/product/236d35323137,الجيزة,سويت شيرت القلب المضيئ
23 ديسمبر 2023 | 12:57 صباحاً,ma-0109*******,236d35303534,https://marketlii.com/dashboard/product/236d35303534,القاهرة,تيشرت تريكو بلياقه
23 ديسمبر 2023 | 12:53 صباحاً,ma-0109*******,236d35313937,https://marketlii.com/dashboard/product/236d35313937,الجيزة,ترينج Y 3
23 ديسمبر 2023 | 12:50 صباحاً,ma-0109*******,236d35313937,https://marketlii.com/dashboard/product/236d35313937,الغربية,ترينج Y 3
23 ديسمبر 2023 | 12:48 صباحاً,ma-0109*******,236d35323033,https://marketlii.com/dashboard/product/236d35323033,القاهرة,هودي سبايدر مان
23 ديسمبر 2023 | 12:43 صباحاً,ma-0109*******,236d35313937,https://marketlii.com/dashboard/product/236d35313937,القاهرة,ترينج Y 3
23 ديسمبر 2023 | 12:39 صباحاً,ma-0109*******,236d35313937,https://marketlii.com/dashboard/product/236d35313937,البحر الاحمر,ترينج Y 3
23 ديسمبر 2023 | 12:36 صباحاً,ma-0109*******,236d35313937,https://marketlii.com/dashboard/product/236d35313937,الاسماعلية,ترينج Y 3
23 ديسمبر 2023 | 12:35 صباحاً,ma-0109*******,236d35303832,https://marketlii.com/dashboard/product/236d35303832,الغربية,سويتشرت السهم
23 ديسمبر 2023 | 12:32 صباحاً,ma-0109*******,236d35313937,https://marketlii.com/dashboard/product/236d35313937,القليوبية,ترينج Y 3
22 ديسمبر 2023 | 10:46 مساءً,ma-0109*******,236d35323137,https://marketlii.com/dashboard/product/236d35323137,الشرقية,سويت شيرت القلب المضيئ
22 ديسمبر 2023 | 10:22 مساءً,ma-0109*******,236d35313937,https://marketlii.com/dashboard/product/236d35313937,الجيزة,ترينج Y 3
22 ديسمبر 2023 | 09:12 مساءً,ma-0109*******,236d34393838,https://marketlii.com/dashboard/product/236d34393838,شمال سينا,هاي كول رجالي 3 قطع
22 ديسمبر 2023 | 07:57 مساءً,ma-0109*******,236d35323134,https://marketlii.com/dashboard/product/236d35323134,البحر الاحمر,ترنج media ميلتون
22 ديسمبر 2023 | 06:25 مساءً,ma-0106*******,236d35313132,https://marketlii.com/dashboard/product/236d35313132,الاسكندرية,چاكيت Lacoste
22 ديسمبر 2023 | 06:21 مساءً,ma-0106*******,236d35313132,https://marketlii.com/dashboard/product/236d35313132,كفر الشيخ,چاكيت Lacoste
22 ديسمبر 2023 | 06:25 مساءً,ma-106*******,236d34393835,https://marketlii.com/dashboard/product/236d34393835,الاسماعلية,جاكت جوتشي
22 ديسمبر 2023 | 08:03 مساءً,ma-0111*******,236d34393835,https://marketlii.com/dashboard/product/236d34393835,الجيزة,جاكت جوتشي
22 ديسمبر 2023 | 07:48 مساءً,ma-106*******,236d34393835,https://marketlii.com/dashboard/product/236d34393835,المنوفية,جاكت جوتشي
22 ديسمبر 2023 | 09:05 مساءً,ma-0115*******,236d34393835,https://marketlii.com/dashboard/product/236d34393835,الجيزة,جاكت جوتشي
22 ديسمبر 2023 | 08:23 مساءً,ma-0101*******,236d35323033,https://marketlii.com/dashboard/product/236d35323033,الدقهلية,هودي سبايدر مان
22 ديسمبر 2023 | 08:55 مساءً,ma-0120*******,236d35323033,https://marketlii.com/dashboard/product/236d35323033,القليوبية,هودي سبايدر مان
22 ديسمبر 2023 | 06:24 مساءً,ma-0102*******,236d34383638,https://marketlii.com/dashboard/product/236d34383638,الغربية,سويت شيرت ساده
22 ديسمبر 2023 | 07:16 مساءً,ma-0102*******,236d34383638,https://marketlii.com/dashboard/product/236d34383638,الشرقية,سويت شيرت ساده
22 ديسمبر 2023 | 09:18 مساءً,ma-0127*******,236d35313035,https://marketlii.com/dashboard/product/236d35313035,القليوبية,جاكيت جلد بامب خامات مستورد
22 ديسمبر 2023 | 08:48 مساءً,ma-0106*******,236d35313035,https://marketlii.com/dashboard/product/236d35313035,البحيرة,جاكيت جلد بامب خامات مستورد
22 ديسمبر 2023 | 06:23 مساءً,ma-0100*******,236d35313530,https://marketlii.com/dashboard/product/236d35313530,المنوفية,هودي مثلث احمر
22 ديسمبر 2023 | 06:23 مساءً,ma-0106*******,236d34393233,https://marketlii.com/dashboard/product/236d34393233,القليوبية,ترينج BURBERRY
22 ديسمبر 2023 | 06:44 مساءً,ma-0106*******,236d34393233,https://marketlii.com/dashboard/product/236d34393233,الدقهلية,ترينج BURBERRY
22 ديسمبر 2023 | 06:28 مساءً,ma-0102*******,236d34393233,https://marketlii.com/dashboard/product/236d34393233,سوهاج,ترينج BURBERRY
22 ديسمبر 2023 | 09:08 مساءً,ma-0100*******,236d34393233,https://marketlii.com/dashboard/product/236d34393233,الشرقية,ترينج BURBERRY
22 ديسمبر 2023 | 09:05 مساءً,ma-0100*******,236d34393233,https://marketlii.com/dashboard/product/236d34393233,الغربية,ترينج BURBERRY
22 ديسمبر 2023 | 06:23 مساءً,ma-0103*******,236d35323137,https://marketlii.com/dashboard/product/236d35323137,المنيا,سويت شيرت القلب المضيئ
22 ديسمبر 2023 | 07:23 مساءً,ma-0120*******,236d35323137,https://marketlii.com/dashboard/product/236d35323137,سوهاج,سويت شيرت القلب المضيئ
22 ديسمبر 2023 | 07:12 مساءً,ma-0102*******,236d35323137,https://marketlii.com/dashboard/product/236d35323137,الوادي الجديد,سويت شيرت القلب المضيئ
22 ديسمبر 2023 | 06:55 مساءً,ma-0120*******,236d35323137,https://marketlii.com/dashboard/product/236d35323137,سوهاج,سويت شيرت القلب المضيئ
22 ديسمبر 2023 | 06:53 مساءً,ma-0102*******,236d35323137,https://marketlii.com/dashboard/product/236d35323137,كفر الشيخ,سويت شيرت القلب المضيئ
22 ديسمبر 2023 | 06:52 مساءً,ma-0105*******,236d35323137,https://marketlii.com/dashboard/product/236d35323137,اسوان,سويت شيرت القلب المضيئ
22 ديسمبر 2023 | 06:32 مساءً,ma-0120*******,236d35323137,https://marketlii.com/dashboard/product/236d35323137,سوهاج,سويت شيرت القلب المضيئ
22 ديسمبر 2023 | 08:19 مساءً,ma-0155*******,236d35323137,https://marketlii.com/dashboard/product/236d35323137,القليوبية,سويت شيرت القلب المضيئ
22 ديسمبر 2023 | 08:09 مساءً,ma-0114*******,236d35323137,https://marketlii.com/dashboard/product/236d35323137,قنا,سويت شيرت القلب المضيئ
22 ديسمبر 2023 | 08:08 مساءً,ma-015*******,236d35323137,https://marketlii.com/dashboard/product/236d35323137,بني سويف,سويت شيرت القلب المضيئ
22 ديسمبر 2023 | 07:51 مساءً,ma-0106*******,236d35323137,https://marketlii.com/dashboard/product/236d35323137,الدقهلية,سويت شيرت القلب المضيئ
22 ديسمبر 2023 | 07:38 مساءً,ma-0106*******,236d35323137,https://marketlii.com/dashboard/product/236d35323137,الشرقية,سويت شيرت القلب المضيئ
22 ديسمبر 2023 | 07:26 مساءً,ma-0120*******,236d35323137,https://marketlii.com/dashboard/product/236d35323137,سوهاج,سويت شيرت القلب المضيئ
22 ديسمبر 2023 | 09:20 مساءً,ma-0115*******,236d35323137,https://marketlii.com/dashboard/product/236d35323137,الجيزة,سويت شيرت القلب المضيئ
22 ديسمبر 2023 | 09:09 مساءً,ma-0120*******,236d35323137,https://marketlii.com/dashboard/product/236d35323137,الدقهلية,سويت شيرت القلب المضيئ
22 ديسمبر 2023 | 09:04 مساءً,ma-0155*******,236d35323137,https://marketlii.com/dashboard/product/236d35323137,اسيوط,سويت شيرت القلب المضيئ
22 ديسمبر 2023 | 08:57 مساءً,ma-0106*******,236d35323137,https://marketlii.com/dashboard/product/236d35323137,المنوفية,سويت شيرت القلب المضيئ
22 ديسمبر 2023 | 08:54 مساءً,ma-0112*******,236d35323137,https://marketlii.com/dashboard/product/236d35323137,الفيوم,سويت شيرت القلب المضيئ
22 ديسمبر 2023 | 08:50 مساءً,ma-0155*******,236d35323137,https://marketlii.com/dashboard/product/236d35323137,بني سويف,سويت شيرت القلب المضيئ
22 ديسمبر 2023 | 09:13 مساءً,ma-0111*******,236d34393838,https://marketlii.com/dashboard/product/236d34393838,شمال سينا,هاي كول رجالي 3 قطع
22 ديسمبر 2023 | 06:22 مساءً,ma-0103*******,236d35313732,https://marketlii.com/dashboard/product/236d35313732,المنيا,جاكت جوخ zara
22 ديسمبر 2023 | 08:25 مساءً,ma-0122*******,236d35313732,https://marketlii.com/dashboard/product/236d35313732,المنيا,جاكت جوخ zara
22 ديسمبر 2023 | 08:20 مساءً,ma-0122*******,236d35313732,https://marketlii.com/dashboard/product/236d35313732,الاسكندرية,جاكت جوخ zara
22 ديسمبر 2023 | 06:31 مساءً,ma-0120*******,236d34393538,https://marketlii.com/dashboard/product/236d34393538,البحيرة,بنطلون المريخ
22 ديسمبر 2023 | 07:18 مساءً,ma-0102*******,236d35313334,https://marketlii.com/dashboard/product/236d35313334,الجيزة,سلوبته أطفالي فرو
22 ديسمبر 2023 | 06:41 مساءً,ma-111*******,236d35303539,https://marketlii.com/dashboard/product/236d35303539,الجيزة,بنطلون كارينا ألوان
22 ديسمبر 2023 | 07:16 مساءً,ma-0101*******,236d34393438,https://marketlii.com/dashboard/product/236d34393438,جنوب سينا,هودى نصفين
22 ديسمبر 2023 | 06:26 مساءً,ma-0101*******,236d35313130,https://marketlii.com/dashboard/product/236d35313130,الجيزة,هودي محجر قطن 100%
22 ديسمبر 2023 | 07:12 مساءً,ma-0100*******,236d34393739,https://marketlii.com/dashboard/product/236d34393739,اسوان,چاكيت بامب نايلون
22 ديسمبر 2023 | 08:46 مساءً,ma-0101*******,236d35303039,https://marketlii.com/dashboard/product/236d35303039,القليوبية,سويت شيرت( الدب الاسود ) BEAR IN BLACk
22 ديسمبر 2023 | 08:23 مساءً,ma-0106*******,236d35313937,https://marketlii.com/dashboard/product/236d35313937,الدقهلية,ترينج Y 3
22 ديسمبر 2023 | 08:19 مساءً,ma-0106*******,236d35313937,https://marketlii.com/dashboard/product/236d35313937,الغربية,ترينج Y 3
22 ديسمبر 2023 | 08:17 مساءً,ma-0106*******,236d35313937,https://marketlii.com/dashboard/product/236d35313937,الجيزة,ترينج Y 3
22 ديسمبر 2023 | 08:01 مساءً,ma-0106*******,236d35313937,https://marketlii.com/dashboard/product/236d35313937,الغربية,ترينج Y 3
22 ديسمبر 2023 | 07:54 مساءً,ma-0106*******,236d35313937,https://marketlii.com/dashboard/product/236d35313937,الشرقية,ترينج Y 3
22 ديسمبر 2023 | 07:51 مساءً,ma-0106*******,236d35313937,https://marketlii.com/dashboard/product/236d35313937,الشرقية,ترينج Y 3
22 ديسمبر 2023 | 08:59 مساءً,ma-0106*******,236d35313937,https://marketlii.com/dashboard/product/236d35313937,المنوفية,ترينج Y 3
22 ديسمبر 2023 | 08:55 مساءً,ma-2010********,236d34313939,https://marketlii.com/dashboard/product/236d34313939,البحيرة,بنطلون باجي كارجو
22 ديسمبر 2023 | 07:05 مساءً,ma-0111*******,236d35303137,https://marketlii.com/dashboard/product/236d35303137,الجيزة,ترنج اديداس شرائط
22 ديسمبر 2023 | 07:26 مساءً,ma-0106*******,236d35303137,https://marketlii.com/dashboard/product/236d35303137,الفيوم,ترنج اديداس شرائط
22 ديسمبر 2023 | 08:07 مساءً,mohamed*******,236d34383438,https://marketlii.com/dashboard/product/236d34383438,الدقهلية,جاكت NIKE
22 ديسمبر 2023 | 07:55 مساءً,mohamed*******,236d34383438,https://marketlii.com/dashboard/product/236d34383438,الدقهلية,جاكت NIKE
22 ديسمبر 2023 | 07:44 مساءً,ahmedr******,236d34383438,https://marketlii.com/dashboard/product/236d34383438,المنوفية,جاكت NIKE
22 ديسمبر 2023 | 09:09 مساءً,ma-0112*******,236d35313734,https://marketlii.com/dashboard/product/236d35313734,الاسكندرية,هودي نايك
22 ديسمبر 2023 | 09:08 مساءً,ma-121*******,236d35313535,https://marketlii.com/dashboard/product/236d35313535,الجيزة,سويت شيرت الوحش
22 ديسمبر 2023 | 07:47 مساءً,ma-109*******,236d35313339,https://marketlii.com/dashboard/product/236d35313339,سوهاج,قميص جوخ تركي مستورد
22 ديسمبر 2023 | 08:11 مساءً,ma-0101*******,236d35313432,https://marketlii.com/dashboard/product/236d35313432,اسوان,ترنج G Star
22 ديسمبر 2023 | 06:49 مساءً,ma-0103*******,236d35303638,https://marketlii.com/dashboard/product/236d35303638,الجيزة,بيجامه قطيفه حريمى
22 ديسمبر 2023 | 09:05 مساءً,ma-0114*******,236d34393633,https://marketlii.com/dashboard/product/236d34393633,سوهاج,هودي شرايح North face
22 ديسمبر 2023 | 08:56 مساءً,ma-0121*******,236d34393633,https://marketlii.com/dashboard/product/236d34393633,الغربية,هودي شرايح North face
22 ديسمبر 2023 | 08:23 مساءً,ma-0101*******,236d35303135,https://marketlii.com/dashboard/product/236d35303135,الجيزة,هودي Ravel
22 ديسمبر 2023 | 08:05 مساءً,ma-0101*******,236d35313136,https://marketlii.com/dashboard/product/236d35313136,المنوفية,هودي الرعد
22 ديسمبر 2023 | 08:01 مساءً,ma-0100*******,236d35313136,https://marketlii.com/dashboard/product/236d35313136,جنوب سينا,هودي الرعد
22 ديسمبر 2023 | 07:30 مساءً,ma-0103*******,236d35313136,https://marketlii.com/dashboard/product/236d35313136,قنا,هودي الرعد
22 ديسمبر 2023 | 06:36 مساءً,ma-0106*******,236d34393834,https://marketlii.com/dashboard/product/236d34393834,الدقهلية,جاكت ووتر بروف فيراري
22 ديسمبر 2023 | 06:26 مساءً,ma-0106*******,236d34393834,https://marketlii.com/dashboard/product/236d34393834,الدقهلية,جاكت ووتر بروف فيراري
22 ديسمبر 2023 | 06:33 مساءً,ma-0102*******,236d34383934,https://marketlii.com/dashboard/product/236d34383934,الفيوم,سويت شيرت بيزك (زنط سادة)
22 ديسمبر 2023 | 08:24 مساءً,ma-0112*******,236d34393337,https://marketlii.com/dashboard/product/236d34393337,الدقهلية,جاكيت وتربروف روك رويل
22 ديسمبر 2023 | 07:33 مساءً,ma-0106*******,236d34393337,https://marketlii.com/dashboard/product/236d34393337,القليوبية,جاكيت وتربروف روك رويل
22 ديسمبر 2023 | 09:17 مساءً,Moham******,236d34393337,https://marketlii.com/dashboard/product/236d34393337,الجيزة,جاكيت وتربروف روك رويل
22 ديسمبر 2023 | 07:45 مساءً,Ha***,236d35313935,https://marketlii.com/dashboard/product/236d35313935,المنيا,كوتشي Runing فاشون
22 ديسمبر 2023 | 09:02 مساءً,ma-0106*******,236d34393030,https://marketlii.com/dashboard/product/236d34393030,المنيا,سويت شيرت today عالي الجوده
22 ديسمبر 2023 | 08:10 مساءً,ma-0115*******,236d34393534,https://marketlii.com/dashboard/product/236d34393534,دمياط,سويت شيرت الشبح
22 ديسمبر 2023 | 07:30 مساءً,ma-0106*******,236d34393731,https://marketlii.com/dashboard/product/236d34393731,الشرقية,سويتشيرت القدس لنا 2
22 ديسمبر 2023 | 07:26 مساءً,ma-0106*******,236d34393731,https://marketlii.com/dashboard/product/236d34393731,الشرقية,سويتشيرت القدس لنا 2
22 ديسمبر 2023 | 09:10 مساءً,ma-0114*******,236d34393731,https://marketlii.com/dashboard/product/236d34393731,سوهاج,سويتشيرت القدس لنا 2
22 ديسمبر 2023 | 09:12 مساءً,ma-0102*******,236d35303830,https://marketlii.com/dashboard/product/236d35303830,الجيزة,بوكليت رجالي تريكو
22 ديسمبر 2023 | 08:45 مساءً,ma-0106*******,236d34383439,https://marketlii.com/dashboard/product/236d34383439,الجيزة,سويت شيرت off
22 ديسمبر 2023 | 08:44 مساءً,ma-0100*******,236d34393538,https://marketlii.com/dashboard/product/236d34393538,دمياط,بنطلون المريخ
22 ديسمبر 2023 | 08:43 مساءً,Chat****,236d34393234,https://marketlii.com/dashboard/product/236d34393234,القليوبية,ترنج كازانوفا شتوي
22 ديسمبر 2023 | 08:42 مساءً,ma-0122*******,236d35313732,https://marketlii.com/dashboard/product/236d35313732,الجيزة,جاكت جوخ zara
22 ديسمبر 2023 | 08:40 مساءً,ma-0103*******,236d35303135,https://marketlii.com/dashboard/product/236d35303135,بني سويف,هودي Ravel
22 ديسمبر 2023 | 08:37 مساءً,ma-0112*******,236d35323137,https://marketlii.com/dashboard/product/236d35323137,الجيزة,سويت شيرت القلب المضيئ
22 ديسمبر 2023 | 08:37 مساءً,ma-0128*******,236d35313937,https://marketlii.com/dashboard/product/236d35313937,القليوبية,ترينج Y 3
22 ديسمبر 2023 | 08:33 مساءً,ma-0106*******,236d34343133,https://marketlii.com/dashboard/product/236d34343133,الجيزة,Japanese pants شروال
22 ديسمبر 2023 | 08:31 مساءً,ma-0122*******,236d35313732,https://marketlii.com/dashboard/product/236d35313732,دمياط,جاكت جوخ zara
22 ديسمبر 2023 | 10:25 مساءً,ma-0102*******,236d35323137,https://marketlii.com/dashboard/product/236d35323137,بني سويف,سويت شيرت القلب المضيئ
22 ديسمبر 2023 | 10:23 مساءً,ma-111*******,236d35323039,https://marketlii.com/dashboard/product/236d35323039,الجيزة,بنطلون كارينا اسود (خاص)
22 ديسمبر 2023 | 10:23 مساءً,Ahmedm******,236d35313035,https://marketlii.com/dashboard/product/236d35313035,الشرقية,جاكيت جلد بامب خامات مستورد
22 ديسمبر 2023 | 10:17 مساءً,ma-0155*******,236d34383638,https://marketlii.com/dashboard/product/236d34383638,البحيرة,سويت شيرت ساده
22 ديسمبر 2023 | 10:15 مساءً,ma-0112*******,236d35323137,https://marketlii.com/dashboard/product/236d35323137,الفيوم,سويت شيرت القلب المضيئ
22 ديسمبر 2023 | 10:13 مساءً,ma-109*******,236d34313939,https://marketlii.com/dashboard/product/236d34313939,البحر الاحمر,بنطلون باجي كارجو
22 ديسمبر 2023 | 10:10 مساءً,ma-0100*******,236d35323134,https://marketlii.com/dashboard/product/236d35323134,المنوفية,ترنج media ميلتون
22 ديسمبر 2023 | 10:10 مساءً,ma-0115*******,236d35323137,https://marketlii.com/dashboard/product/236d35323137,الجيزة,سويت شيرت القلب المضيئ
22 ديسمبر 2023 | 10:08 مساءً,ma-0115*******,236d35323137,https://marketlii.com/dashboard/product/236d35323137,القليوبية,سويت شيرت القلب المضيئ
22 ديسمبر 2023 | 10:08 مساءً,ma-0101*******,236d34393030,https://marketlii.com/dashboard/product/236d34393030,الدقهلية,سويت شيرت today عالي الجوده
22 ديسمبر 2023 | 10:03 مساءً,ma-0102*******,236d35323137,https://marketlii.com/dashboard/product/236d35323137,السويس,سويت شيرت القلب المضيئ
22 ديسمبر 2023 | 09:59 مساءً,ma-0102*******,236d35323137,https://marketlii.com/dashboard/product/236d35323137,السويس,سويت شيرت القلب المضيئ
22 ديسمبر 2023 | 09:59 مساءً,ma-0112*******,236d35323137,https://marketlii.com/dashboard/product/236d35323137,الجيزة,سويت شيرت القلب المضيئ
22 ديسمبر 2023 | 09:59 مساءً,ma-0106*******,236d35313132,https://marketlii.com/dashboard/product/236d35313132,الجيزة,چاكيت Lacoste
22 ديسمبر 2023 | 09:58 مساءً,ma-0106*******,236d34393233,https://marketlii.com/dashboard/product/236d34393233,الدقهلية,ترينج BURBERRY
22 ديسمبر 2023 | 09:57 مساءً,ma-0111*******,236d34393835,https://marketlii.com/dashboard/product/236d34393835,بني سويف,جاكت جوتشي
22 ديسمبر 2023 | 09:56 مساءً,ma-0112*******,236d35313936,https://marketlii.com/dashboard/product/236d35313936,المنوفية,هودي النار
22 ديسمبر 2023 | 09:55 مساءً,ma-0111*******,236d34393835,https://marketlii.com/dashboard/product/236d34393835,القليوبية,جاكت جوتشي
22 ديسمبر 2023 | 09:54 مساءً,ma-0115*******,236d34393135,https://marketlii.com/dashboard/product/236d34393135,البحيرة,سويت شيرت MONSTER
22 ديسمبر 2023 | 09:51 مساءً,ma-0120*******,236d34393037,https://marketlii.com/dashboard/product/236d34393037,الدقهلية,جاكيت بامب اسبانى وتربروف
22 ديسمبر 2023 | 09:51 مساءً,ma-0100*******,236d34393037,https://marketlii.com/dashboard/product/236d34393037,الدقهلية,جاكيت بامب اسبانى وتربروف
22 ديسمبر 2023 | 09:44 مساءً,ma-0120*******,236d35313339,https://marketlii.com/dashboard/product/236d35313339,اسيوط,قميص جوخ تركي مستورد
22 ديسمبر 2023 | 09:43 مساءً,ma-0102*******,236d35313339,https://marketlii.com/dashboard/product/236d35313339,الشرقية,قميص جوخ تركي مستورد
22 ديسمبر 2023 | 09:41 مساءً,ma-0106*******,236d35323137,https://marketlii.com/dashboard/product/236d35323137,الوادي الجديد,سويت شيرت القلب المضيئ
22 ديسمبر 2023 | 09:36 مساءً,Moham******,236d35323033,https://marketlii.com/dashboard/product/236d35323033,الشرقية,هودي سبايدر مان
22 ديسمبر 2023 | 09:35 مساءً,ma-0114*******,236d34353938,https://marketlii.com/dashboard/product/236d34353938,سوهاج,شروال كارجو جيب نفخ
22 ديسمبر 2023 | 09:34 مساءً,ma-0111*******,236d34383438,https://marketlii.com/dashboard/product/236d34383438,القليوبية,جاكت NIKE
22 ديسمبر 2023 | 09:30 مساءً,ma-0101********,236d35313132,https://marketlii.com/dashboard/product/236d35313132,الاسكندرية,چاكيت Lacoste
22 ديسمبر 2023 | 09:30 مساءً,ma-0103*******,236d35313830,https://marketlii.com/dashboard/product/236d35313830,اسيوط,اسكارف حريمي
22 ديسمبر 2023 | 11:26 مساءً,ma-0155*******,236d34383638,https://marketlii.com/dashboard/product/236d34383638,الغربية,سويت شيرت ساده
22 ديسمبر 2023 | 11:25 مساءً,ma-0120*******,236d35313830,https://marketlii.com/dashboard/product/236d35313830,الاسكندرية,اسكارف حريمي
22 ديسمبر 2023 | 11:24 مساءً,ma***,236d35303933,https://marketlii.com/dashboard/product/236d35303933,الغربية,جاكيت فرو بسوسته
22 ديسمبر 2023 | 11:23 مساءً,ma-0102*******,236d34383433,https://marketlii.com/dashboard/product/236d34383433,الجيزة,سويتشيرت Dark
22 ديسمبر 2023 | 11:23 مساءً,ma-0115*******,236d34393135,https://marketlii.com/dashboard/product/236d34393135,المنيا,سويت شيرت MONSTER
22 ديسمبر 2023 | 11:23 مساءً,ma***,236d35303933,https://marketlii.com/dashboard/product/236d35303933,المنيا,جاكيت فرو بسوسته
22 ديسمبر 2023 | 11:22 مساءً,ma-0102*******,236d34383433,https://marketlii.com/dashboard/product/236d34383433,بورسعيد,سويتشيرت Dark
22 ديسمبر 2023 | 11:21 مساءً,ma***,236d35303933,https://marketlii.com/dashboard/product/236d35303933,الشرقية,جاكيت فرو بسوسته
22 ديسمبر 2023 | 11:20 مساءً,ma-0127*******,236d34313939,https://marketlii.com/dashboard/product/236d34313939,القليوبية,بنطلون باجي كارجو
22 ديسمبر 2023 | 11:20 مساءً,ma-0102*******,236d34383433,https://marketlii.com/dashboard/product/236d34383433,اسيوط,سويتشيرت Dark
22 ديسمبر 2023 | 11:19 مساءً,ma-0100*******,236d35303835,https://marketlii.com/dashboard/product/236d35303835,الاسكندرية,ماسك التفتيح وعلاج حب الشباب
22 ديسمبر 2023 | 11:19 مساءً,ma***,236d35303933,https://marketlii.com/dashboard/product/236d35303933,كفر الشيخ,جاكيت فرو بسوسته
22 ديسمبر 2023 | 11:18 مساءً,ma***,236d35303933,https://marketlii.com/dashboard/product/236d35303933,الجيزة,جاكيت فرو بسوسته
22 ديسمبر 2023 | 11:16 مساءً,ma-0102*******,236d34383433,https://marketlii.com/dashboard/product/236d34383433,البحر الاحمر,سويتشيرت Dark
22 ديسمبر 2023 | 11:15 مساءً,ma-0114*******,236d35313734,https://marketlii.com/dashboard/product/236d35313734,المنيا,هودي نايك
22 ديسمبر 2023 | 11:14 مساءً,ma-0102*******,236d34383433,https://marketlii.com/dashboard/product/236d34383433,البحيرة,سويتشيرت Dark
22 ديسمبر 2023 | 11:13 مساءً,ma-0102*******,236d34383433,https://marketlii.com/dashboard/product/236d34383433,الاسكندرية,سويتشيرت Dark
22 ديسمبر 2023 | 11:12 مساءً,ma-0100*******,236d35323134,https://marketlii.com/dashboard/product/236d35323134,البحر الاحمر,ترنج media ميلتون
22 ديسمبر 2023 | 11:10 مساءً,ma-0114*******,236d34393538,https://marketlii.com/dashboard/product/236d34393538,جنوب سينا,بنطلون المريخ
22 ديسمبر 2023 | 11:09 مساءً,ma-0102*******,236d34383433,https://marketlii.com/dashboard/product/236d34383433,الاسكندرية,سويتشيرت Dark
22 ديسمبر 2023 | 11:09 مساءً,ma-0111*******,236d34393835,https://marketlii.com/dashboard/product/236d34393835,الجيزة,جاكت جوتشي
22 ديسمبر 2023 | 11:07 مساءً,ma***,236d35303933,https://marketlii.com/dashboard/product/236d35303933,سوهاج,جاكيت فرو بسوسته
22 ديسمبر 2023 | 11:06 مساءً,ma-0100*******,236d35323134,https://marketlii.com/dashboard/product/236d35323134,الغربية,ترنج media ميلتون
22 ديسمبر 2023 | 11:06 مساءً,ma-0102*******,236d34383433,https://marketlii.com/dashboard/product/236d34383433,الجيزة,سويتشيرت Dark
22 ديسمبر 2023 | 11:05 مساءً,ma-0100*******,236d35303835,https://marketlii.com/dashboard/product/236d35303835,الاسكندرية,ماسك التفتيح وعلاج حب الشباب
22 ديسمبر 2023 | 11:04 مساءً,ma-111*******,236d35323039,https://marketlii.com/dashboard/product/236d35323039,قنا,بنطلون كارينا اسود (خاص)
22 ديسمبر 2023 | 11:00 مساءً,ma***,236d35303933,https://marketlii.com/dashboard/product/236d35303933,القليوبية,جاكيت فرو بسوسته
22 ديسمبر 2023 | 10:59 مساءً,ma-0102*******,236d35313937,https://marketlii.com/dashboard/product/236d35313937,البحيرة,ترينج Y 3
22 ديسمبر 2023 | 10:58 مساءً,ma***,236d35303933,https://marketlii.com/dashboard/product/236d35303933,الشرقية,جاكيت فرو بسوسته
22 ديسمبر 2023 | 10:57 مساءً,ma-0100*******,236d35303835,https://marketlii.com/dashboard/product/236d35303835,الاسماعلية,ماسك التفتيح وعلاج حب الشباب
22 ديسمبر 2023 | 10:53 مساءً,ma***,236d35303933,https://marketlii.com/dashboard/product/236d35303933,الجيزة,جاكيت فرو بسوسته
22 ديسمبر 2023 | 10:53 مساءً,ma-0100*******,236d34393936,https://marketlii.com/dashboard/product/236d34393936,القليوبية,هوودي Burberry
22 ديسمبر 2023 | 10:52 مساءً,ma-0111*******,236d34393835,https://marketlii.com/dashboard/product/236d34393835,البحيرة,جاكت جوتشي
22 ديسمبر 2023 | 10:50 مساءً,ma-0112*******,236d35303637,https://marketlii.com/dashboard/product/236d35303637,الاسكندرية,هودي Palestine المضيئ
22 ديسمبر 2023 | 10:48 مساءً,ma-0106*******,236d35313937,https://marketlii.com/dashboard/product/236d35313937,الاسكندرية,ترينج Y 3
22 ديسمبر 2023 | 10:45 مساءً,ma-0100*******,236d34393233,https://marketlii.com/dashboard/product/236d34393233,الاسكندرية,ترينج BURBERRY
22 ديسمبر 2023 | 10:44 مساءً,ma-0106*******,236d35313937,https://marketlii.com/dashboard/product/236d35313937,البحيرة,ترينج Y 3
22 ديسمبر 2023 | 10:42 مساءً,ma-0106*******,236d34383934,https://marketlii.com/dashboard/product/236d34383934,كفر الشيخ,سويت شيرت بيزك (زنط سادة)
22 ديسمبر 2023 | 10:41 مساءً,ma***,236d35303933,https://marketlii.com/dashboard/product/236d35303933,الجيزة,جاكيت فرو بسوسته
22 ديسمبر 2023 | 10:39 مساءً,ma-0122*******,236d35313530,https://marketlii.com/dashboard/product/236d35313530,جنوب سينا,هودي مثلث احمر
22 ديسمبر 2023 | 10:37 مساءً,ma-0106*******,236d35323137,https://marketlii.com/dashboard/product/236d35323137,بني سويف,سويت شيرت القلب المضيئ
22 ديسمبر 2023 | 10:37 مساءً,ma***,236d35303933,https://marketlii.com/dashboard/product/236d35303933,الاسماعلية,جاكيت فرو بسوسته
22 ديسمبر 2023 | 10:35 مساءً,ma-0106*******,236d34383934,https://marketlii.com/dashboard/product/236d34383934,كفر الشيخ,سويت شيرت بيزك (زنط سادة)
22 ديسمبر 2023 | 10:33 مساءً,ma-0100*******,236d34393538,https://marketlii.com/dashboard/product/236d34393538,دمياط,بنطلون المريخ
22 ديسمبر 2023 | 10:33 مساءً,ma-0101*******,236d34383438,https://marketlii.com/dashboard/product/236d34383438,المنيا,جاكت NIKE
22 ديسمبر 2023 | 10:31 مساءً,ma-0106*******,236d35323137,https://marketlii.com/dashboard/product/236d35323137,الشرقية,سويت شيرت القلب المضيئ
22 ديسمبر 2023 | 10:31 مساءً,ma-111*******,236d35323039,https://marketlii.com/dashboard/product/236d35323039,الجيزة,بنطلون كارينا اسود (خاص)
22 ديسمبر 2023 | 10:30 مساءً,ma-0114*******,236d35313937,https://marketlii.com/dashboard/product/236d35313937,اسوان,ترينج Y 3
22 ديسمبر 2023 | 10:27 مساءً,ma-0155*******,236d35323137,https://marketlii.com/dashboard/product/236d35323137,البحيرة,سويت شيرت القلب المضيئ
22 ديسمبر 2023 | 10:26 مساءً,ma-111*******,236d35323039,https://marketlii.com/dashboard/product/236d35323039,الاسماعلية,بنطلون كارينا اسود (خاص)
23 ديسمبر 2023 | 12:26 صباحاً,HossamA********,236d35303934,https://marketlii.com/dashboard/product/236d35303934,القليوبية,هودي فرو
23 ديسمبر 2023 | 12:24 صباحاً,bou***,236d34393638,https://marketlii.com/dashboard/product/236d34393638,اسيوط,ترنج بيزك ساده بزنط
23 ديسمبر 2023 | 12:24 صباحاً,ma-0150*******,236d34383638,https://marketlii.com/dashboard/product/236d34383638,الغربية,سويت شيرت ساده
23 ديسمبر 2023 | 12:23 صباحاً,ma-0106*******,236d34383934,https://marketlii.com/dashboard/product/236d34383934,الفيوم,سويت شيرت بيزك (زنط سادة)
23 ديسمبر 2023 | 12:23 صباحاً,bou***,236d34393638,https://marketlii.com/dashboard/product/236d34393638,بني سويف,ترنج بيزك ساده بزنط
23 ديسمبر 2023 | 12:21 صباحاً,bou***,236d34393638,https://marketlii.com/dashboard/product/236d34393638,المنيا,ترنج بيزك ساده بزنط
23 ديسمبر 2023 | 12:20 صباحاً,HossamA********,236d34393834,https://marketlii.com/dashboard/product/236d34393834,بورسعيد,جاكت ووتر بروف فيراري
23 ديسمبر 2023 | 12:19 صباحاً,HossamA********,236d34393834,https://marketlii.com/dashboard/product/236d34393834,الغربية,جاكت ووتر بروف فيراري
23 ديسمبر 2023 | 12:16 صباحاً,ma-0115*******,236d35303135,https://marketlii.com/dashboard/product/236d35303135,بني سويف,هودي Ravel
23 ديسمبر 2023 | 12:16 صباحاً,ma-0111*******,236d35303534,https://marketlii.com/dashboard/product/236d35303534,سوهاج,تيشرت تريكو بلياقه
23 ديسمبر 2023 | 12:15 صباحاً,ma-0106*******,236d34383934,https://marketlii.com/dashboard/product/236d34383934,قنا,سويت شيرت بيزك (زنط سادة)
23 ديسمبر 2023 | 12:14 صباحاً,ma-0127*******,236d34373730,https://marketlii.com/dashboard/product/236d34373730,الجيزة,ساعه ريتشارد ميل
23 ديسمبر 2023 | 12:13 صباحاً,ma-0100*******,236d35303835,https://marketlii.com/dashboard/product/236d35303835,الجيزة,ماسك التفتيح وعلاج حب الشباب
23 ديسمبر 2023 | 12:12 صباحاً,ma-0106*******,236d35313331,https://marketlii.com/dashboard/product/236d35313331,قنا,بنطلون چينز نيو سبيد
23 ديسمبر 2023 | 12:10 صباحاً,ma-0100*******,236d35303835,https://marketlii.com/dashboard/product/236d35303835,الجيزة,ماسك التفتيح وعلاج حب الشباب
23 ديسمبر 2023 | 12:09 صباحاً,ma-0100*******,236d35313136,https://marketlii.com/dashboard/product/236d35313136,الاسكندرية,هودي الرعد
23 ديسمبر 2023 | 12:08 صباحاً,ma-0120********,236d34393037,https://marketlii.com/dashboard/product/236d34393037,المنيا,جاكيت بامب اسبانى وتربروف
23 ديسمبر 2023 | 12:07 صباحاً,ma-0105*******,236d34333830,https://marketlii.com/dashboard/product/236d34333830,الجيزة,شروال المموه
23 ديسمبر 2023 | 12:06 صباحاً,ma-0114*******,236d34353938,https://marketlii.com/dashboard/product/236d34353938,الجيزة,شروال كارجو جيب نفخ
23 ديسمبر 2023 | 12:06 صباحاً,ma-0103*******,236d35313830,https://marketlii.com/dashboard/product/236d35313830,الاسماعلية,اسكارف حريمي
23 ديسمبر 2023 | 12:06 صباحاً,ma-0155*******,236d34393233,https://marketlii.com/dashboard/product/236d34393233,سوهاج,ترينج BURBERRY
22 ديسمبر 2023 | 11:58 مساءً,ma-0106*******,236d35303435,https://marketlii.com/dashboard/product/236d35303435,السويس,جاكيت أديداس خاص hany
22 ديسمبر 2023 | 11:57 مساءً,ma-0102*******,236d34383433,https://marketlii.com/dashboard/product/236d34383433,الجيزة,سويتشيرت Dark
22 ديسمبر 2023 | 11:57 مساءً,ma***,236d35303933,https://marketlii.com/dashboard/product/236d35303933,دمياط,جاكيت فرو بسوسته
22 ديسمبر 2023 | 11:57 مساءً,ma-0115*******,236d33363332,https://marketlii.com/dashboard/product/236d33363332,بني سويف,هاي كول رجالي الوان
22 ديسمبر 2023 | 11:56 مساءً,ma-0128*******,236d34383438,https://marketlii.com/dashboard/product/236d34383438,الجيزة,جاكت NIKE
22 ديسمبر 2023 | 11:56 مساءً,ma-0106*******,236d34383439,https://marketlii.com/dashboard/product/236d34383439,الغربية,سويت شيرت off
22 ديسمبر 2023 | 11:55 مساءً,ma-0102*******,236d34383433,https://marketlii.com/dashboard/product/236d34383433,الاسكندرية,سويتشيرت Dark
22 ديسمبر 2023 | 11:55 مساءً,ma-0107*******,236d34393135,https://marketlii.com/dashboard/product/236d34393135,قنا,سويت شيرت MONSTER
22 ديسمبر 2023 | 11:52 مساءً,Moham******,236d35303039,https://marketlii.com/dashboard/product/236d35303039,الدقهلية,سويت شيرت( الدب الاسود ) BEAR IN BLACk
22 ديسمبر 2023 | 11:51 مساءً,ma-0128*******,236d34383438,https://marketlii.com/dashboard/product/236d34383438,الجيزة,جاكت NIKE
22 ديسمبر 2023 | 11:47 مساءً,ma-0114*******,236d35313937,https://marketlii.com/dashboard/product/236d35313937,الاسكندرية,ترينج Y 3
22 ديسمبر 2023 | 11:45 مساءً,ma-0106*******,236d34393731,https://marketlii.com/dashboard/product/236d34393731,الجيزة,سويتشيرت القدس لنا 2
22 ديسمبر 2023 | 11:43 مساءً,ma-0106*******,236d34313939,https://marketlii.com/dashboard/product/236d34313939,القليوبية,بنطلون باجي كارجو
22 ديسمبر 2023 | 11:41 مساءً,ma-0128*******,236d34383438,https://marketlii.com/dashboard/product/236d34383438,القليوبية,جاكت NIKE
22 ديسمبر 2023 | 11:39 مساءً,ma-0101*******,236d35313130,https://marketlii.com/dashboard/product/236d35313130,قنا,هودي محجر قطن 100%
22 ديسمبر 2023 | 11:37 مساءً,ma-0112*******,236d35323137,https://marketlii.com/dashboard/product/236d35323137,كفر الشيخ,سويت شيرت القلب المضيئ
22 ديسمبر 2023 | 11:29 مساءً,ma-0106*******,236d34393731,https://marketlii.com/dashboard/product/236d34393731,الجيزة,سويتشيرت القدس لنا 2
22 ديسمبر 2023 | 11:28 مساءً,ma-0111*******,236d34393835,https://marketlii.com/dashboard/product/236d34393835,الغربية,جاكت جوتشي
23 ديسمبر 2023 | 01:25 صباحاً,ma-0102*******,236d35313336,https://marketlii.com/dashboard/product/236d35313336,البحيرة,اسكارف مطبوع
23 ديسمبر 2023 | 01:22 صباحاً,ma-0120*******,236d34353634,https://marketlii.com/dashboard/product/236d34353634,بني سويف,خميرة البيرة لتكثيف الشعر الأصلية
23 ديسمبر 2023 | 01:21 صباحاً,ma-0120*******,236d34353634,https://marketlii.com/dashboard/product/236d34353634,سوهاج,خميرة البيرة لتكثيف الشعر الأصلية
23 ديسمبر 2023 | 01:20 صباحاً,ma-0120*******,236d34353634,https://marketlii.com/dashboard/product/236d34353634,البحيرة,خميرة البيرة لتكثيف الشعر الأصلية
23 ديسمبر 2023 | 01:19 صباحاً,ma-0120*******,236d34353634,https://marketlii.com/dashboard/product/236d34353634,الاسكندرية,خميرة البيرة لتكثيف الشعر الأصلية
23 ديسمبر 2023 | 01:19 صباحاً,ma-0101*******,236d34313939,https://marketlii.com/dashboard/product/236d34313939,دمياط,بنطلون باجي كارجو
23 ديسمبر 2023 | 01:17 صباحاً,ma***,236d35303933,https://marketlii.com/dashboard/product/236d35303933,الشرقية,جاكيت فرو بسوسته
23 ديسمبر 2023 | 01:15 صباحاً,ma-0150*******,236d35313331,https://marketlii.com/dashboard/product/236d35313331,الدقهلية,بنطلون چينز نيو سبيد
23 ديسمبر 2023 | 01:13 صباحاً,ma***,236d35303933,https://marketlii.com/dashboard/product/236d35303933,اسيوط,جاكيت فرو بسوسته
23 ديسمبر 2023 | 01:12 صباحاً,ma***,236d35303933,https://marketlii.com/dashboard/product/236d35303933,المنوفية,جاكيت فرو بسوسته
23 ديسمبر 2023 | 01:11 صباحاً,ma-0155*******,236d34383638,https://marketlii.com/dashboard/product/236d34383638,البحر الاحمر,سويت شيرت ساده
23 ديسمبر 2023 | 01:09 صباحاً,ma-012*******,236d34313939,https://marketlii.com/dashboard/product/236d34313939,المنيا,بنطلون باجي كارجو
23 ديسمبر 2023 | 01:06 صباحاً,ma-109*******,236d35313339,https://marketlii.com/dashboard/product/236d35313339,الجيزة,قميص جوخ تركي مستورد
23 ديسمبر 2023 | 01:02 صباحاً,ma***,236d35303933,https://marketlii.com/dashboard/product/236d35303933,القليوبية,جاكيت فرو بسوسته
23 ديسمبر 2023 | 12:51 صباحاً,ma-0102*******,236d35323137,https://marketlii.com/dashboard/product/236d35323137,كفر الشيخ,سويت شيرت القلب المضيئ
23 ديسمبر 2023 | 12:47 صباحاً,Moham******,236d35303039,https://marketlii.com/dashboard/product/236d35303039,قنا,سويت شيرت( الدب الاسود ) BEAR IN BLACk
23 ديسمبر 2023 | 12:46 صباحاً,Ahmedm******,236d35313436,https://marketlii.com/dashboard/product/236d35313436,الشرقية,ساعة رولكس جلد هاي كوبي
23 ديسمبر 2023 | 12:46 صباحاً,Ro***,236d35323038,https://marketlii.com/dashboard/product/236d35323038,الاسكندرية,ساعة ROLEX معدن
23 ديسمبر 2023 | 12:45 صباحاً,ma-0155*******,236d34383638,https://marketlii.com/dashboard/product/236d34383638,البحيرة,سويت شيرت ساده
23 ديسمبر 2023 | 12:44 صباحاً,ma-0114*******,236d35313937,https://marketlii.com/dashboard/product/236d35313937,كفر الشيخ,ترينج Y 3
23 ديسمبر 2023 | 12:42 صباحاً,Moham******,236d35303039,https://marketlii.com/dashboard/product/236d35303039,المنوفية,سويت شيرت( الدب الاسود ) BEAR IN BLACk
23 ديسمبر 2023 | 12:41 صباحاً,Moham******,236d35303039,https://marketlii.com/dashboard/product/236d35303039,دمياط,سويت شيرت( الدب الاسود ) BEAR IN BLACk
23 ديسمبر 2023 | 12:37 صباحاً,ma-106*******,236d34393835,https://marketlii.com/dashboard/product/236d34393835,شمال سينا,جاكت جوتشي
23 ديسمبر 2023 | 12:35 صباحاً,ma-0102*******,236d35313136,https://marketlii.com/dashboard/product/236d35313136,الدقهلية,هودي الرعد
23 ديسمبر 2023 | 12:33 صباحاً,Omerta*******,236d34333134,https://marketlii.com/dashboard/product/236d34333134,الجيزة,ساعة روليكس معدن دهبي
23 ديسمبر 2023 | 12:33 صباحاً,ma-0102*******,236d35323137,https://marketlii.com/dashboard/product/236d35323137,كفر الشيخ,سويت شيرت القلب المضيئ
23 ديسمبر 2023 | 12:30 صباحاً,ma-0103*******,236d35313830,https://marketlii.com/dashboard/product/236d35313830,المنيا,اسكارف حريمي
23 ديسمبر 2023 | 12:30 صباحاً,ma-0115*******,236d33363332,https://marketlii.com/dashboard/product/236d33363332,الجيزة,هاي كول رجالي الوان
22 ديسمبر 2023 | 11:57 مساءً,ma***,236d34383433,https://marketlii.com/dashboard/product/236d34383433,الجيزة,سويتشيرت Dark
22 ديسمبر 2023 | 11:49 مساءً,ma-0128*******,236d34383438,https://marketlii.com/dashboard/product/236d34383438,الجيزة,جاكت NIKE
22 ديسمبر 2023 | 11:39 مساءً,ma-0128*******,236d34383438,https://marketlii.com/dashboard/product/236d34383438,القليوبية,جاكت NIKE
22 ديسمبر 2023 | 11:19 مساءً,ma-0102*******,236d34383433,https://marketlii.com/dashboard/product/236d34383433,اسيوط,سويتشيرت Dark
22 ديسمبر 2023 | 11:09 مساءً,ma-0111*******,236d34383433,https://marketlii.com/dashboard/product/236d34383433,الاسكندرية,سويتشيرت Dark
22 ديسمبر 2023 | 11:06 مساءً,ma***,236d35303933,https://marketlii.com/dashboard/product/236d35303933,سوهاج,جاكيت فرو بسوسته
22 ديسمبر 2023 | 11:04 مساءً,ma-111*******,236d35303835,https://marketlii.com/dashboard/product/236d35303835,الاسكندرية,ماسك التفتيح وعلاج حب الشباب
22 ديسمبر 2023 | 10:46 مساءً,ma-0106*******,236d35313937,https://marketlii.com/dashboard/product/236d35313937,الاسكندرية,ترينج Y 3
22 ديسمبر 2023 | 10:39 مساءً,ma-0122*******,236d35303933,https://marketlii.com/dashboard/product/236d35303933,الجيزة,جاكيت فرو بسوسته
22 ديسمبر 2023 | 10:13 مساءً,ma-0112*******,236d35323137,https://marketlii.com/dashboard/product/236d35323137,الفيوم,سويت شيرت القلب المضيئ
22 ديسمبر 2023 | 09:57 مساءً,ma-0111*******,236d34393233,https://marketlii.com/dashboard/product/236d34393233,الدقهلية,ترينج BURBERRY
22 ديسمبر 2023 | 09:34 مساءً,ma-0114*******,236d34353938,https://marketlii.com/dashboard/product/236d34353938,سوهاج,شروال كارجو جيب نفخ
22 ديسمبر 2023 | 09:16 مساءً,Moham******,236d34393337,https://marketlii.com/dashboard/product/236d34393337,الجيزة,جاكيت وتربروف روك رويل
22 ديسمبر 2023 | 08:23 مساءً,ma-0106*******,236d35303135,https://marketlii.com/dashboard/product/236d35303135,الجيزة,هودي Ravel
22 ديسمبر 2023 | 06:22 مساءً,ma-106*******,236d34393835,https://marketlii.com/dashboard/product/236d34393835,القاهرة,جاكت جوتشي
22 ديسمبر 2023 | 08:58 مساءً,ma-0111*******,236d34393835,https://marketlii.com/dashboard/product/236d34393835,القاهرة,جاكت جوتشي
22 ديسمبر 2023 | 07:03 مساءً,ma-0106*******,236d35323033,https://marketlii.com/dashboard/product/236d35323033,القاهرة,هودي سبايدر مان
22 ديسمبر 2023 | 06:53 مساءً,ma-0101*******,236d35323033,https://marketlii.com/dashboard/product/236d35323033,القاهرة,هودي سبايدر مان
22 ديسمبر 2023 | 06:43 مساءً,ma-0112*******,236d34383638,https://marketlii.com/dashboard/product/236d34383638,القاهرة,سويت شيرت ساده
22 ديسمبر 2023 | 06:31 مساءً,ma-0102*******,236d34383638,https://marketlii.com/dashboard/product/236d34383638,القاهرة,سويت شيرت ساده
22 ديسمبر 2023 | 07:15 مساءً,mohamed*******,236d35313035,https://marketlii.com/dashboard/product/236d35313035,القاهرة,جاكيت جلد بامب خامات مستورد
22 ديسمبر 2023 | 07:03 مساءً,ma-0103*******,236d35313530,https://marketlii.com/dashboard/product/236d35313530,القاهرة,هودي مثلث احمر
22 ديسمبر 2023 | 07:57 مساءً,ma-0100*******,236d35313530,https://marketlii.com/dashboard/product/236d35313530,القاهرة,هودي مثلث احمر
22 ديسمبر 2023 | 07:00 مساءً,ma-0103*******,236d34393233,https://marketlii.com/dashboard/product/236d34393233,القاهرة,ترينج BURBERRY
22 ديسمبر 2023 | 06:58 مساءً,ma-0106*******,236d34393233,https://marketlii.com/dashboard/product/236d34393233,القاهرة,ترينج BURBERRY
22 ديسمبر 2023 | 07:59 مساءً,ma-0128*******,236d35323137,https://marketlii.com/dashboard/product/236d35323137,القاهرة,سويت شيرت القلب المضيئ
22 ديسمبر 2023 | 07:16 مساءً,ma-0112*******,236d35303539,https://marketlii.com/dashboard/product/236d35303539,القاهرة,بنطلون كارينا ألوان
22 ديسمبر 2023 | 09:13 مساءً,ma-0127*******,236d34373730,https://marketlii.com/dashboard/product/236d34373730,القاهرة,ساعه ريتشارد ميل
22 ديسمبر 2023 | 06:44 مساءً,ma-0100*******,236d35313937,https://marketlii.com/dashboard/product/236d35313937,القاهرة,ترينج Y 3
22 ديسمبر 2023 | 08:25 مساءً,ma-0106*******,236d35313937,https://marketlii.com/dashboard/product/236d35313937,القاهرة,ترينج Y 3
22 ديسمبر 2023 | 08:14 مساءً,ma-0106*******,236d35313937,https://marketlii.com/dashboard/product/236d35313937,القاهرة,ترينج Y 3
22 ديسمبر 2023 | 06:57 مساءً,ma-0122*******,236d35313535,https://marketlii.com/dashboard/product/236d35313535,القاهرة,سويت شيرت الوحش
22 ديسمبر 2023 | 08:46 مساءً,ma-0106*******,236d35303832,https://marketlii.com/dashboard/product/236d35303832,القاهرة,سويتشرت السهم
22 ديسمبر 2023 | 07:43 مساءً,ma-0103*******,236d35323134,https://marketlii.com/dashboard/product/236d35323134,القاهرة,ترنج media ميلتون
22 ديسمبر 2023 | 07:44 مساءً,ma-0114*******,236d35313136,https://marketlii.com/dashboard/product/236d35313136,القاهرة,هودي الرعد
22 ديسمبر 2023 | 06:34 مساءً,ma-111*******,236d35323039,https://marketlii.com/dashboard/product/236d35323039,القاهرة,بنطلون كارينا اسود (خاص)
22 ديسمبر 2023 | 07:49 مساءً,ma-111*******,236d35323039,https://marketlii.com/dashboard/product/236d35323039,القاهرة,بنطلون كارينا اسود (خاص)
22 ديسمبر 2023 | 07:41 مساءً,Mz**,236d34393238,https://marketlii.com/dashboard/product/236d34393238,القاهرة,سويت شيرت REFUSION
22 ديسمبر 2023 | 09:08 مساءً,ma-0102*******,236d35303635,https://marketlii.com/dashboard/product/236d35303635,القاهرة,چاكيت بيسبول Chicago
22 ديسمبر 2023 | 09:13 مساءً,ma-0106*******,236d34323333,https://marketlii.com/dashboard/product/236d34323333,القاهرة,مشد الظهر الطبي
22 ديسمبر 2023 | 08:39 مساءً,ma-0106*******,236d35323137,https://marketlii.com/dashboard/product/236d35323137,القاهرة,سويت شيرت القلب المضيئ
22 ديسمبر 2023 | 08:31 مساءً,ma-0112*******,236d34393030,https://marketlii.com/dashboard/product/236d34393030,القاهرة,سويت شيرت today عالي الجوده
22 ديسمبر 2023 | 08:27 مساءً,ma-0106*******,236d35313937,https://marketlii.com/dashboard/product/236d35313937,القاهرة,ترينج Y 3
22 ديسمبر 2023 | 10:25 مساءً,ma-0101*******,236d35303635,https://marketlii.com/dashboard/product/236d35303635,القاهرة,چاكيت بيسبول Chicago
22 ديسمبر 2023 | 10:24 مساءً,ma-111*******,236d35323039,https://marketlii.com/dashboard/product/236d35323039,القاهرة,بنطلون كارينا اسود (خاص)
22 ديسمبر 2023 | 10:24 مساءً,ma-0127*******,236d35313334,https://marketlii.com/dashboard/product/236d35313334,القاهرة,سلوبته أطفالي فرو
22 ديسمبر 2023 | 10:22 مساءً,ma-0103*******,236d35323134,https://marketlii.com/dashboard/product/236d35323134,القاهرة,ترنج media ميلتون
22 ديسمبر 2023 | 10:11 مساءً,ma-0127*******,236d34373730,https://marketlii.com/dashboard/product/236d34373730,القاهرة,ساعه ريتشارد ميل
22 ديسمبر 2023 | 10:11 مساءً,ma-0107*******,236d34393534,https://marketlii.com/dashboard/product/236d34393534,القاهرة,سويت شيرت الشبح
22 ديسمبر 2023 | 10:09 مساءً,ma-0100*******,236d34383638,https://marketlii.com/dashboard/product/236d34383638,القاهرة,سويت شيرت ساده
22 ديسمبر 2023 | 10:07 مساءً,ma-0100*******,236d35323134,https://marketlii.com/dashboard/product/236d35323134,القاهرة,ترنج media ميلتون
22 ديسمبر 2023 | 09:56 مساءً,ma-0111*******,236d34383438,https://marketlii.com/dashboard/product/236d34383438,القاهرة,جاكت NIKE
22 ديسمبر 2023 | 09:54 مساءً,ma-0111*******,236d34393835,https://marketlii.com/dashboard/product/236d34393835,القاهرة,جاكت جوتشي
22 ديسمبر 2023 | 09:40 مساءً,ma-0122*******,236d34393538,https://marketlii.com/dashboard/product/236d34393538,القاهرة,بنطلون المريخ
22 ديسمبر 2023 | 09:33 مساءً,mog****,236d34393037,https://marketlii.com/dashboard/product/236d34393037,القاهرة,جاكيت بامب اسبانى وتربروف
22 ديسمبر 2023 | 09:33 مساءً,ma-0110*******,236d34393937,https://marketlii.com/dashboard/product/236d34393937,القاهرة,تيشرت التريكو زراير
22 ديسمبر 2023 | 09:32 مساءً,ma-0102*******,236d35313734,https://marketlii.com/dashboard/product/236d35313734,القاهرة,هودي نايك
22 ديسمبر 2023 | 09:30 مساءً,Ayaeb*****,236d35313130,https://marketlii.com/dashboard/product/236d35313130,القاهرة,هودي محجر قطن 100%
22 ديسمبر 2023 | 11:13 مساءً,ma-0100*******,236d35303835,https://marketlii.com/dashboard/product/236d35303835,القاهرة,ماسك التفتيح وعلاج حب الشباب
22 ديسمبر 2023 | 11:13 مساءً,ma-0102*******,236d35323137,https://marketlii.com/dashboard/product/236d35323137,القاهرة,سويت شيرت القلب المضيئ
22 ديسمبر 2023 | 11:11 مساءً,ma-0102*******,236d34383433,https://marketlii.com/dashboard/product/236d34383433,القاهرة,سويتشيرت Dark
22 ديسمبر 2023 | 11:06 مساءً,ma-0111*******,236d34393835,https://marketlii.com/dashboard/product/236d34393835,القاهرة,جاكت جوتشي
22 ديسمبر 2023 | 11:05 مساءً,Hass****,236d34333830,https://marketlii.com/dashboard/product/236d34333830,القاهرة,شروال المموه
22 ديسمبر 2023 | 11:05 مساءً,ma-0112*******,236d35303539,https://marketlii.com/dashboard/product/236d35303539,القاهرة,بنطلون كارينا ألوان
22 ديسمبر 2023 | 11:04 مساءً,ma***,236d35303933,https://marketlii.com/dashboard/product/236d35303933,القاهرة,جاكيت فرو بسوسته
22 ديسمبر 2023 | 11:01 مساءً,ma-0106*******,236d35303239,https://marketlii.com/dashboard/product/236d35303239,القاهرة,قميص جوخ
22 ديسمبر 2023 | 10:58 مساءً,ma-0115*******,236d35323137,https://marketlii.com/dashboard/product/236d35323137,القاهرة,سويت شيرت القلب المضيئ
22 ديسمبر 2023 | 10:46 مساءً,ma-0128*******,236d34393739,https://marketlii.com/dashboard/product/236d34393739,القاهرة,چاكيت بامب نايلون
22 ديسمبر 2023 | 10:45 مساءً,ma-0121*******,236d35303137,https://marketlii.com/dashboard/product/236d35303137,القاهرة,ترنج اديداس شرائط
22 ديسمبر 2023 | 10:43 مساءً,ma-0100*******,236d34323831,https://marketlii.com/dashboard/product/236d34323831,القاهرة,شنطة Zara
22 ديسمبر 2023 | 10:36 مساءً,ma-0103*******,236d35313830,https://marketlii.com/dashboard/product/236d35313830,القاهرة,اسكارف حريمي
22 ديسمبر 2023 | 10:31 مساءً,ma***,236d35303933,https://marketlii.com/dashboard/product/236d35303933,القاهرة,جاكيت فرو بسوسته
23 ديسمبر 2023 | 12:27 صباحاً,ma-0128*******,236d34383438,https://marketlii.com/dashboard/product/236d34383438,القاهرة,جاكت NIKE
23 ديسمبر 2023 | 12:23 صباحاً,HossamA********,236d34393834,https://marketlii.com/dashboard/product/236d34393834,القاهرة,جاكت ووتر بروف فيراري
23 ديسمبر 2023 | 12:22 صباحاً,HossamA********,236d34393438,https://marketlii.com/dashboard/product/236d34393438,القاهرة,هودى نصفين
23 ديسمبر 2023 | 12:02 صباحاً,ma-0106*******,236d34393538,https://marketlii.com/dashboard/product/236d34393538,القاهرة,بنطلون المريخ
22 ديسمبر 2023 | 11:54 مساءً,ma-0100*******,236d35303835,https://marketlii.com/dashboard/product/236d35303835,القاهرة,ماسك التفتيح وعلاج حب الشباب
22 ديسمبر 2023 | 11:52 مساءً,ma-0100*******,236d35323134,https://marketlii.com/dashboard/product/236d35323134,القاهرة,ترنج media ميلتون
22 ديسمبر 2023 | 11:49 مساءً,ma***,236d35303933,https://marketlii.com/dashboard/product/236d35303933,القاهرة,جاكيت فرو بسوسته
22 ديسمبر 2023 | 11:43 مساءً,ma-0128*******,236d34383438,https://marketlii.com/dashboard/product/236d34383438,القاهرة,جاكت NIKE
22 ديسمبر 2023 | 11:29 مساءً,ma-0106*******,236d35323137,https://marketlii.com/dashboard/product/236d35323137,القاهرة,سويت شيرت القلب المضيئ
23 ديسمبر 2023 | 01:23 صباحاً,ma-0120*******,236d34353634,https://marketlii.com/dashboard/product/236d34353634,القاهرة,خميرة البيرة لتكثيف الشعر الأصلية
23 ديسمبر 2023 | 01:16 صباحاً,ma***,236d35303933,https://marketlii.com/dashboard/product/236d35303933,القاهرة,جاكيت فرو بسوسته
23 ديسمبر 2023 | 01:13 صباحاً,ma-0106*******,236d35303435,https://marketlii.com/dashboard/product/236d35303435,القاهرة,جاكيت أديداس خاص hany
23 ديسمبر 2023 | 12:56 صباحاً,ma-0115*******,236d35313136,https://marketlii.com/dashboard/product/236d35313136,القاهرة,هودي الرعد
23 ديسمبر 2023 | 12:46 صباحاً,Moham******,236d35303039,https://marketlii.com/dashboard/product/236d35303039,القاهرة,سويت شيرت( الدب الاسود ) BEAR IN BLACk
23 ديسمبر 2023 | 12:43 صباحاً,ma-111*******,236d34383934,https://marketlii.com/dashboard/product/236d34383934,القاهرة,سويت شيرت بيزك (زنط سادة)
23 ديسمبر 2023 | 12:40 صباحاً,Moham******,236d35303039,https://marketlii.com/dashboard/product/236d35303039,القاهرة,سويت شيرت( الدب الاسود ) BEAR IN BLACk
23 ديسمبر 2023 | 12:36 صباحاً,ma-106*******,236d34393835,https://marketlii.com/dashboard/product/236d34393835,القاهرة,جاكت جوتشي
23 ديسمبر 2023 | 12:36 صباحاً,ma-0101*******,236d35313130,https://marketlii.com/dashboard/product/236d35313130,القاهرة,هودي محجر قطن 100%
23 ديسمبر 2023 | 12:35 صباحاً,ma-0102*******,236d34393438,https://marketlii.com/dashboard/product/236d34393438,القاهرة,هودى نصفين
23 ديسمبر 2023 | 12:34 صباحاً,bou***,236d34393638,https://marketlii.com/dashboard/product/236d34393638,القاهرة,ترنج بيزك ساده بزنط
22 ديسمبر 2023 | 09:13 مساءً,ma-0111*******,236d34323333,https://marketlii.com/dashboard/product/236d34323333,القاهرة,مشد الظهر الطبي
